{
  "Aktif": {
    "precision": 0.5,
    "recall": 0.1,
    "f1-score": 0.16666666666666666,
    "support": 10.0
  },
  "Reflektif": {
    "precision": 0.7428571428571429,
    "recall": 0.9629629629629629,
    "f1-score": 0.8387096774193549,
    "support": 27.0
  },
  "Verbal": {
    "precision": 0.8484848484848485,
    "recall": 0.9032258064516129,
    "f1-score": 0.875,
    "support": 31.0
  },
  "Visual": {
    "precision": 0.25,
    "recall": 0.16666666666666666,
    "f1-score": 0.2,
    "support": 6.0
  },
  "micro avg": {
    "precision": 0.7567567567567568,
    "recall": 0.7567567567567568,
    "f1-score": 0.7567567567567568,
    "support": 74.0
  },
  "macro avg": {
    "precision": 0.5853354978354979,
    "recall": 0.5332138590203106,
    "f1-score": 0.5200940860215054,
    "support": 74.0
  },
  "weighted avg": {
    "precision": 0.7143266643266644,
    "recall": 0.7567567567567568,
    "f1-score": 0.7113084859052602,
    "support": 74.0
  },
  "samples avg": {
    "precision": 0.7567567567567568,
    "recall": 0.7567567567567568,
    "f1-score": 0.7567567567567568,
    "support": 74.0
  }
}