,precision,recall,f1-score,support
Aktif,0.5,0.1,0.16666666666666666,10.0
Reflektif,0.7428571428571429,0.9629629629629629,0.8387096774193549,27.0
Verbal,0.8484848484848485,0.9032258064516129,0.875,31.0
Visual,0.25,0.16666666666666666,0.2,6.0
micro avg,0.7567567567567568,0.7567567567567568,0.7567567567567568,74.0
macro avg,0.5853354978354979,0.5332138590203106,0.5200940860215054,74.0
weighted avg,0.7143266643266644,0.7567567567567568,0.7113084859052602,74.0
samples avg,0.7567567567567568,0.7567567567567568,0.7567567567567568,74.0
