{
  "Aktif": {
    "precision": 0.5,
    "recall": 0.2,
    "f1-score": 0.2857142857142857,
    "support": 10.0
  },
  "Reflektif": {
    "precision": 0.7575757575757576,
    "recall": 0.9259259259259259,
    "f1-score": 0.8333333333333334,
    "support": 27.0
  },
  "Verbal": {
    "precision": 0.8484848484848485,
    "recall": 0.9032258064516129,
    "f1-score": 0.875,
    "support": 31.0
  },
  "Visual": {
    "precision": 0.25,
    "recall": 0.16666666666666666,
    "f1-score": 0.2,
    "support": 6.0
  },
  "micro avg": {
    "precision": 0.7567567567567568,
    "recall": 0.7567567567567568,
    "f1-score": 0.7567567567567568,
    "support": 74.0
  },
  "macro avg": {
    "precision": 0.5890151515151515,
    "recall": 0.5489545997610513,
    "f1-score": 0.5485119047619048,
    "support": 74.0
  },
  "weighted avg": {
    "precision": 0.7196969696969697,
    "recall": 0.7567567567567568,
    "f1-score": 0.725434362934363,
    "support": 74.0
  },
  "samples avg": {
    "precision": 0.7567567567567568,
    "recall": 0.7567567567567568,
    "f1-score": 0.7567567567567568,
    "support": 74.0
  }
}